playerID,award,year,lgID,note,pos
abdulka01,"All-Defensive Second Team",1969,NBA,NULL,NULL
abdulka01,"All-NBA Second Team",1969,NBA,NULL,C
abdulka01,"Rookie of the Year",1969,NBA,NULL,NULL
abdulka01,"All-Defensive Second Team",1970,NBA,NULL,NULL
abdulka01,"All-NBA First Team",1970,NBA,NULL,C
abdulka01,"Finals MVP",1970,NBA,NULL,NULL
abdulka01,"Most Valuable Player",1970,NBA,NULL,NULL
abdulka01,"All-NBA First Team",1971,NBA,NULL,C
abdulka01,"Most Valuable Player",1971,NBA,NULL,NULL
abdulka01,"All-NBA First Team",1972,NBA,NULL,C
abdulka01,"All-Defensive First Team",1973,NBA,NULL,NULL
abdulka01,"All-NBA First Team",1973,NBA,NULL,C
abdulka01,"Most Valuable Player",1973,NBA,NULL,NULL
abdulka01,"All-Defensive First Team",1974,NBA,NULL,NULL
abdulka01,"All-Defensive Second Team",1975,NBA,NULL,NULL
abdulka01,"All-NBA First Team",1975,NBA,NULL,C
abdulka01,"Most Valuable Player",1975,NBA,NULL,NULL
abdulka01,"All-Defensive Second Team",1976,NBA,NULL,NULL
abdulka01,"All-NBA First Team",1976,NBA,NULL,C
abdulka01,"Most Valuable Player",1976,NBA,NULL,NULL
abdulka01,"All-Defensive Second Team",1977,NBA,tie,NULL
abdulka01,"All-NBA Second Team",1977,NBA,NULL,C
abdulka01,"All-Defensive First Team",1978,NBA,NULL,NULL
abdulka01,"All-NBA Second Team",1978,NBA,NULL,C
abdulka01,"All-Defensive First Team",1979,NBA,NULL,NULL
abdulka01,"All-NBA First Team",1979,NBA,NULL,C
abdulka01,"Most Valuable Player",1979,NBA,NULL,NULL
abdulka01,"All-Defensive First Team",1980,NBA,NULL,NULL
abdulka01,"All-NBA First Team",1980,NBA,NULL,C
abdulka01,"All-NBA Second Team",1982,NBA,NULL,C
abdulka01,"All-Defensive Second Team",1983,NBA,NULL,NULL
abdulka01,"All-NBA First Team",1983,NBA,NULL,C
abdulka01,"All-NBA Second Team",1984,NBA,NULL,C
abdulka01,"Finals MVP",1984,NBA,NULL,NULL
abdulka01,"All-NBA First Team",1985,NBA,NULL,C
abdulma02,"Most Improved Player",1992,NBA,NULL,NULL
adamsal01,"Rookie of the Year",1975,NBA,NULL,NULL
aingeda01,"Executive of the Year",2007,NBA,NULL,NULL
aldrila01,"All-NBA Third Team",2010,NBA,NULL,F
allenra02,"All-NBA Third Team",2000,NBA,NULL,G
allenra02,"All-NBA Second Team",2004,NBA,NULL,G
allento01,"All-Defensive Second Team",2010,NBA,NULL,G
allento01,"All-Defensive First Team",2011,NBA,NULL,G
anderry01,"Most Improved Player",2011,NBA,NULL,NULL
anthoca01,"All-NBA Third Team",2005,NBA,NULL,F
anthoca01,"All-NBA Third Team",2006,NBA,NULL,F
anthoca01,"All-NBA Third Team",2008,NBA,NULL,F
anthoca01,"All-NBA Second Team",2009,NBA,NULL,F
anthoca01,"All-NBA Third Team",2011,NBA,NULL,F
archina01,"All-NBA Second Team",1971,NBA,NULL,G
archina01,"All-NBA First Team",1972,NBA,NULL,G
archina01,"All-NBA First Team",1974,NBA,NULL,G
archina01,"All-NBA First Team",1975,NBA,NULL,G
archina01,"All-NBA Second Team",1980,NBA,NULL,G
arenagi01,"Most Improved Player",2002,NBA,NULL,NULL
arenagi01,"All-NBA Third Team",2004,NBA,NULL,G
arenagi01,"All-NBA Third Team",2005,NBA,NULL,G
arenagi01,"All-NBA Second Team",2006,NBA,NULL,G
arizipa01,"All-NBA First Team",1951,NBA,NULL,NULL
arizipa01,"All-NBA First Team",1955,NBA,NULL,F
arizipa01,"All-NBA First Team",1956,NBA,NULL,F
arizipa01,"All-NBA Second Team",1958,NBA,NULL,F
armstda01,"Most Improved Player",1998,NBA,NULL,NULL
armstda01,"Sixth Man of the Year",1998,NBA,NULL,NULL
artesro01,"All-Defensive Second Team",2002,NBA,NULL,NULL
artesro01,"All-Defensive First Team",2003,NBA,NULL,NULL
artesro01,"All-NBA Third Team",2003,NBA,NULL,F
artesro01,"Defensive Player of the Year",2003,NBA,NULL,NULL
artesro01,"All-Defensive First Team",2005,NBA,NULL,NULL
artesro01,"All-Defensive Second Team",2008,NBA,NULL,NULL
artesro01,"J. Walter Kennedy Citizenship Award",2010,NBA,NULL,NULL
augusdj01,"All-Rookie Second Team",2008,NBA,tie,NULL
austiis01,"Most Improved Player",1996,NBA,NULL,NULL
bakervi01,"All-NBA Third Team",1996,NBA,NULL,F
bakervi01,"All-NBA Second Team",1997,NBA,NULL,F
barbole01,"Sixth Man of the Year",2006,NBA,NULL,NULL
barklch01,"All-NBA Second Team",1985,NBA,NULL,F
barklch01,"All-NBA Second Team",1986,NBA,NULL,F
barklch01,"All-NBA First Team",1987,NBA,NULL,F
barklch01,"All-NBA First Team",1988,NBA,NULL,F
barklch01,"All-NBA First Team",1989,NBA,NULL,F
barklch01,"All-NBA First Team",1990,NBA,NULL,F
barklch01,"All-NBA Second Team",1991,NBA,NULL,F
barklch01,"All-NBA First Team",1992,NBA,NULL,F
barklch01,"Most Valuable Player",1992,NBA,NULL,NULL
barklch01,"All-NBA Second Team",1993,NBA,NULL,F
barklch01,"All-NBA Second Team",1994,NBA,NULL,F
barklch01,"All-NBA Third Team",1995,NBA,NULL,F
barnema01,"All-ABA Second Team",1974,ABA,NULL,F
barnema01,"Rookie of the Year",1974,ABA,NULL,NULL
barroda01,"Most Improved Player",1994,NBA,NULL,NULL
barryri01,"All-NBA First Team",1965,NBA,NULL,F
barryri01,"Rookie of the Year",1965,NBA,NULL,NULL
barryri01,"All-NBA First Team",1966,NBA,NULL,F
barryri01,"All-ABA First Team",1968,ABA,NULL,F
barryri01,"All-ABA First Team",1969,ABA,NULL,F
barryri01,"All-ABA First Team",1970,ABA,NULL,F
barryri01,"All-ABA First Team",1971,ABA,NULL,F
barryri01,"All-NBA Second Team",1972,NBA,NULL,F
barryri01,"All-NBA First Team",1973,NBA,NULL,F
barryri01,"All-NBA First Team",1974,NBA,NULL,F
barryri01,"Finals MVP",1974,NBA,NULL,NULL
barryri01,"All-NBA First Team",1975,NBA,NULL,F
battish01,"All-Defensive Second Team",2007,NBA,NULL,F
battish01,"All-Defensive Second Team",2008,NBA,NULL,NULL
baumhfr01,"All-NBA Second Team",1946,NBA,NULL,NULL
bayloel01,"All-NBA First Team",1958,NBA,NULL,F
bayloel01,"Rookie of the Year",1958,NBA,NULL,NULL
bayloel01,"All-NBA First Team",1959,NBA,NULL,F
bayloel01,"All-NBA First Team",1960,NBA,NULL,F
bayloel01,"All-NBA First Team",1961,NBA,NULL,F
bayloel01,"All-NBA First Team",1962,NBA,NULL,F
bayloel01,"All-NBA First Team",1963,NBA,NULL,F
bayloel01,"All-NBA First Team",1964,NBA,NULL,F
bayloel01,"All-NBA First Team",1966,NBA,NULL,F
bayloel01,"All-NBA First Team",1967,NBA,NULL,F
bayloel01,"All-NBA First Team",1968,NBA,NULL,F
beardra01,"All-NBA Second Team",1949,NBA,NULL,NULL
beardra01,"All-NBA First Team",1950,NBA,NULL,NULL
beasljo01,"All-ABA Second Team",1967,ABA,NULL,C
beasljo01,"All-ABA Second Team",1968,ABA,NULL,F
beaslmi01,"All-Rookie First Team",2008,NBA,NULL,NULL
beatyze01,"All-ABA Second Team",1970,ABA,tie,C
beatyze01,"Finals MVP",1970,ABA,NULL,NULL
beatyze01,"All-ABA Second Team",1971,ABA,NULL,C
bellawa01,"Rookie of the Year",1961,NBA,NULL,NULL
bellra01,"All-Defensive First Team",2006,NBA,NULL,NULL
bellra01,"All-Defensive Second Team",2007,NBA,NULL,G
billuch01,"Finals MVP",2003,NBA,NULL,NULL
billuch01,"All-Defensive Second Team",2004,NBA,NULL,NULL
billuch01,"All-Defensive Second Team",2005,NBA,NULL,NULL
billuch01,"All-NBA Second Team",2005,NBA,NULL,G
billuch01,"All-NBA Third Team",2006,NBA,NULL,G
billuch01,"All-NBA Third Team",2008,NBA,NULL,G
billuch01,"Sportsmanship Award",2008,NBA,NULL,NULL
bingda01,"Rookie of the Year",1966,NBA,NULL,NULL
bingda01,"All-NBA First Team",1967,NBA,NULL,G
bingda01,"All-NBA First Team",1970,NBA,NULL,G
bingda01,"All-NBA Second Team",1973,NBA,NULL,G
birdla01,"All-NBA First Team",1979,NBA,NULL,F
birdla01,"Rookie of the Year",1979,NBA,NULL,NULL
birdla01,"All-NBA First Team",1980,NBA,NULL,F
birdla01,"All-Defensive Second Team",1981,NBA,NULL,NULL
birdla01,"All-NBA First Team",1981,NBA,NULL,F
birdla01,"All-Defensive Second Team",1982,NBA,NULL,NULL
birdla01,"All-NBA First Team",1982,NBA,NULL,F
birdla01,"All-Defensive Second Team",1983,NBA,NULL,NULL
birdla01,"All-NBA First Team",1983,NBA,NULL,F
birdla01,"Finals MVP",1983,NBA,NULL,NULL
birdla01,"Most Valuable Player",1983,NBA,NULL,NULL
birdla01,"All-NBA First Team",1984,NBA,NULL,F
birdla01,"Most Valuable Player",1984,NBA,NULL,NULL
birdla01,"All-NBA First Team",1985,NBA,NULL,F
birdla01,"Finals MVP",1985,NBA,NULL,NULL
birdla01,"Most Valuable Player",1985,NBA,NULL,NULL
birdla01,"All-NBA First Team",1986,NBA,NULL,F
birdla01,"All-NBA First Team",1987,NBA,NULL,F
birdla01,"All-NBA Second Team",1989,NBA,NULL,F
birdsot01,"All-NBA Second Team",1980,NBA,NULL,G
blairde01,"All-Rookie Second Team",2009,NBA,NULL,NULL
blaylmo01,"All-Defensive First Team",1993,NBA,NULL,NULL
blaylmo01,"All-Defensive First Team",1994,NBA,NULL,NULL
blaylmo01,"All-Defensive Second Team",1995,NBA,NULL,NULL
blaylmo01,"All-Defensive Second Team",1996,NBA,NULL,NULL
blaylmo01,"All-Defensive Second Team",1997,NBA,NULL,NULL
blaylmo01,"All-Defensive Second Team",1998,NBA,NULL,NULL
bledser01,"All-Rookie Second Team",2010,NBA,NULL,G
bogutan01,"All-NBA Third Team",2009,NBA,NULL,C
bolma01,"All-Defensive Second Team",1985,NBA,NULL,NULL
boonero01,"All-ABA Second Team",1973,ABA,NULL,G
boonero01,"All-ABA First Team",1974,ABA,NULL,G
boozeca01,"All-NBA Third Team",2007,NBA,NULL,F
boshch01,"All-NBA Second Team",2006,NBA,NULL,F
bowenbr01,"All-Defensive Second Team",2000,NBA,NULL,NULL
bowenbr01,"All-Defensive Second Team",2001,NBA,NULL,NULL
bowenbr01,"All-Defensive Second Team",2002,NBA,NULL,NULL
bowenbr01,"All-Defensive First Team",2003,NBA,NULL,NULL
bowenbr01,"All-Defensive First Team",2004,NBA,NULL,NULL
bowenbr01,"All-Defensive First Team",2005,NBA,NULL,NULL
bowenbr01,"All-Defensive First Team",2006,NBA,NULL,NULL
bowenbr01,"All-Defensive First Team",2007,NBA,NULL,G
bradldu01,"All-Defensive Second Team",1980,NBA,tie,NULL
brandel01,"Rookie of the Year",1999,NBA,tie,NULL
brandel01,"All-NBA Second Team",2005,NBA,NULL,F
braunca01,"All-NBA Second Team",1947,NBA,NULL,NULL
braunca01,"All-NBA Second Team",1953,NBA,NULL,NULL
breweji01,"All-Defensive Second Team",1975,NBA,NULL,NULL
breweji01,"All-Defensive Second Team",1976,NBA,NULL,NULL
brianfr01,"All-NBA Second Team",1949,NBA,NULL,NULL
brianfr01,"All-NBA Second Team",1950,NBA,NULL,NULL
bridgbi01,"All-Defensive Second Team",1968,NBA,NULL,NULL
bridgbi01,"All-Defensive Second Team",1969,NBA,NULL,NULL
briskjo01,"All-ABA Second Team",1970,ABA,NULL,F
brookaa01,"Most Improved Player",2009,NBA,NULL,NULL
brookma01,"All-Rookie Second Team",2011,NBA,NULL,F/G
brownla01,"All-ABA Second Team",1967,ABA,NULL,G
brownpj01,"All-Defensive Second Team",1996,NBA,NULL,NULL
brownpj01,"All-Defensive Second Team",1998,NBA,NULL,NULL
brownpj01,"All-Defensive Second Team",2000,NBA,NULL,NULL
brownro01,"All-ABA Second Team",1967,ABA,NULL,F
brownro01,"All-ABA Second Team",1969,ABA,NULL,F
brownro01,"Finals MVP",1969,ABA,NULL,NULL
brownro01,"All-ABA First Team",1970,ABA,NULL,F
bryanko01,"All-NBA Third Team",1998,NBA,NULL,G
bryanko01,"All-Defensive First Team",1999,NBA,NULL,NULL
bryanko01,"All-NBA Second Team",1999,NBA,NULL,G
bryanko01,"All-Defensive Second Team",2000,NBA,NULL,NULL
bryanko01,"All-NBA Second Team",2000,NBA,NULL,G
bryanko01,"All-Defensive Second Team",2001,NBA,NULL,NULL
bryanko01,"All-NBA First Team",2001,NBA,NULL,G
bryanko01,"All-Defensive First Team",2002,NBA,NULL,NULL
bryanko01,"All-NBA First Team",2002,NBA,NULL,G
bryanko01,"All-Defensive First Team",2003,NBA,NULL,NULL
bryanko01,"All-NBA First Team",2003,NBA,NULL,G
bryanko01,"All-NBA Third Team",2004,NBA,NULL,G
bryanko01,"All-Defensive First Team",2005,NBA,tie,NULL
bryanko01,"All-NBA First Team",2005,NBA,NULL,G
bryanko01,"All-Defensive First Team",2006,NBA,NULL,NULL
bryanko01,"All-NBA First Team",2006,NBA,NULL,G
bryanko01,"All-Defensive First Team",2007,NBA,NULL,G
bryanko01,"All-NBA First Team",2007,NBA,NULL,G
bryanko01,"Most Valuable Player",2007,NBA,NULL,NULL
bryanko01,"All-Defensive First Team",2008,NBA,NULL,NULL
bryanko01,"All-NBA First Team",2008,NBA,NULL,G
bryanko01,"Finals MVP ",2008,NBA,NULL,NULL
bryanko01,"All-Defensive First Team",2009,NBA,NULL,NULL
bryanko01,"All-NBA First Team",2009,NBA,NULL,G
bryanko01,"Finals MVP ",2009,NBA,NULL,NULL
bryanko01,"All-Defensive First Team",2010,NBA,NULL,G
bryanko01,"All-NBA First Team",2010,NBA,NULL,G
bryanko01,"All-Defensive Second Team",2011,NBA,NULL,G
bryanko01,"All-NBA First Team",2011,NBA,NULL,G
bucknqu01,"All-Defensive Second Team",1977,NBA,NULL,NULL
bucknqu01,"All-Defensive Second Team",1979,NBA,NULL,NULL
bucknqu01,"All-Defensive Second Team",1980,NBA,NULL,NULL
bucknqu01,"All-Defensive Second Team",1981,NBA,NULL,NULL
buehlke01,"Rookie of the Year",1942,NBL,NULL,NULL
busedo01,"All-Defensive Team",1974,ABA,NULL,NULL
busedo01,"All-ABA Second Team",1975,ABA,NULL,G
busedo01,"All-Defensive Team",1975,ABA,NULL,NULL
busedo01,"All-Defensive First Team",1976,NBA,NULL,NULL
busedo01,"All-Defensive First Team",1977,NBA,NULL,NULL
busedo01,"All-Defensive First Team",1978,NBA,NULL,NULL
busedo01,"All-Defensive First Team",1979,NBA,tie,NULL
bynuman01,"All-NBA Second Team",2011,NBA,NULL,C
caldwjo01,"All-Defensive Second Team",1969,NBA,NULL,NULL
caldwjo01,"All-ABA Second Team",1970,ABA,NULL,F
caldwjo01,"All-Defensive Team",1972,ABA,NULL,NULL
calveer01,"All-NBA Second Team",1946,NBA,NULL,NULL
calvima01,"All-ABA First Team",1970,ABA,NULL,G
calvima01,"All-ABA Second Team",1972,ABA,NULL,G
calvima01,"All-ABA First Team",1973,ABA,NULL,G
calvima01,"All-ABA First Team",1974,ABA,NULL,G
cambyma01,"All-Defensive Second Team",2004,NBA,NULL,NULL
cambyma01,"All-Defensive Second Team",2005,NBA,NULL,NULL
cambyma01,"All-Defensive First Team",2006,NBA,NULL,NULL
cambyma01,"Defensive Player of the Year",2006,NBA,NULL,NULL
cambyma01,"All-Defensive First Team",2007,NBA,NULL,C
cannola01,"All-ABA Second Team",1970,ABA,NULL,G
carrml01,"All-Defensive Second Team",1978,NBA,NULL,NULL
cartevi01,"Rookie of the Year",1998,NBA,NULL,NULL
cartevi01,"All-NBA Third Team",1999,NBA,NULL,F
cartevi01,"All-NBA Second Team",2000,NBA,NULL,F
cassesa01,"All-NBA Second Team",2003,NBA,NULL,G
cervial01,"All-NBA Second Team",1949,NBA,NULL,NULL
chalmma01,"All-Rookie Second Team",2008,NBA,NULL,NULL
chambto01,"All-NBA Second Team",1988,NBA,NULL,F
chambto01,"All-NBA Second Team",1989,NBA,NULL,F
chambwi01,"All-NBA First Team",1959,NBA,NULL,C
chambwi01,"Most Valuable Player",1959,NBA,NULL,NULL
chambwi01,"Rookie of the Year",1959,NBA,NULL,NULL
chambwi01,"All-NBA First Team",1960,NBA,NULL,C
chambwi01,"All-NBA First Team",1961,NBA,NULL,C
chambwi01,"All-NBA Second Team",1962,NBA,NULL,C
chambwi01,"All-NBA First Team",1963,NBA,NULL,C
chambwi01,"All-NBA Second Team",1964,NBA,NULL,C
chambwi01,"All-NBA First Team",1965,NBA,NULL,C
chambwi01,"Most Valuable Player",1965,NBA,NULL,NULL
chambwi01,"All-NBA First Team",1966,NBA,NULL,C
chambwi01,"Most Valuable Player",1966,NBA,NULL,NULL
chambwi01,"All-NBA First Team",1967,NBA,NULL,C
chambwi01,"Most Valuable Player",1967,NBA,NULL,NULL
chambwi01,"All-Defensive First Team",1971,NBA,NULL,NULL
chambwi01,"All-NBA Second Team",1971,NBA,NULL,C
chambwi01,"Finals MVP",1971,NBA,NULL,NULL
chambwi01,"All-Defensive First Team",1972,NBA,NULL,NULL
chandty01,"All-Defensive Second Team",2010,NBA,NULL,C
chandty01,"All-Defensive Second Team",2011,NBA,NULL,C
chandty01,"All-NBA Third Team",2011,NBA,NULL,C
chandty01,"Defensive Player of the Year",2011,NBA,NULL,NULL
chanedo01,"All-Defensive Second Team",1971,NBA,NULL,NULL
chanedo01,"All-Defensive Second Team",1972,NBA,NULL,NULL
chanedo01,"All-Defensive Second Team",1973,NBA,NULL,NULL
chanedo01,"All-Defensive Second Team",1974,NBA,NULL,NULL
chanedo01,"All-Defensive Second Team",1976,NBA,NULL,NULL
cheekma01,"All-Defensive First Team",1982,NBA,tie,NULL
cheekma01,"All-Defensive First Team",1983,NBA,NULL,NULL
cheekma01,"All-Defensive First Team",1984,NBA,NULL,NULL
cheekma01,"All-Defensive First Team",1985,NBA,NULL,NULL
cheekma01,"All-Defensive Second Team",1986,NBA,NULL,NULL
cheniph01,"All-NBA Second Team",1974,NBA,NULL,G
chrisdo01,"All-Defensive Second Team",2000,NBA,NULL,NULL
chrisdo01,"All-Defensive Second Team",2001,NBA,NULL,NULL
chrisdo01,"All-Defensive First Team",2002,NBA,NULL,NULL
chrisdo01,"All-Defensive Second Team",2003,NBA,NULL,NULL
chuckch01,"Most Valuable Player",1941,NBL,NULL,NULL
clarkar01,"All-NBA Second Team",1971,NBA,NULL,G
cleamji01,"All-Defensive Second Team",1975,NBA,NULL,NULL
colemde01,"Rookie of the Year",1990,NBA,NULL,NULL
colemde01,"All-NBA Third Team",1992,NBA,NULL,F
colemde01,"All-NBA Third Team",1993,NBA,NULL,F
colemec01,"All-Defensive First Team",1976,NBA,NULL,NULL
colemec01,"All-Defensive Second Team",1977,NBA,NULL,NULL
collida01,"All-Rookie First Team",2009,NBA,NULL,NULL
coopemi01,"All-Defensive Second Team",1980,NBA,tie,NULL
coopemi01,"All-Defensive First Team",1981,NBA,NULL,NULL
coopemi01,"All-Defensive Second Team",1982,NBA,NULL,NULL
coopemi01,"All-Defensive First Team",1983,NBA,NULL,NULL
coopemi01,"All-Defensive First Team",1984,NBA,NULL,NULL
coopemi01,"All-Defensive Second Team",1985,NBA,NULL,NULL
coopemi01,"All-Defensive First Team",1986,NBA,NULL,NULL
coopemi01,"Defensive Player of the Year",1986,NBA,NULL,NULL
coopemi01,"All-Defensive First Team",1987,NBA,NULL,NULL
costela01,"All-NBA Second Team",1960,NBA,NULL,G
couside01,"All-Rookie First Team",2010,NBA,NULL,C
cousybo01,"All-NBA First Team",1951,NBA,NULL,NULL
cousybo01,"All-NBA First Team",1952,NBA,NULL,NULL
cousybo01,"All-NBA First Team",1953,NBA,NULL,NULL
cousybo01,"All-NBA First Team",1954,NBA,NULL,NULL
cousybo01,"All-NBA First Team",1955,NBA,NULL,G
cousybo01,"All-NBA First Team",1956,NBA,NULL,G
cousybo01,"Most Valuable Player",1956,NBA,NULL,NULL
cousybo01,"All-NBA First Team",1957,NBA,NULL,G
cousybo01,"All-NBA First Team",1958,NBA,NULL,G
cousybo01,"All-NBA First Team",1959,NBA,NULL,G
cousybo01,"All-NBA First Team",1960,NBA,NULL,G
cousybo01,"All-NBA Second Team",1961,NBA,NULL,G
cousybo01,"All-NBA Second Team",1962,NBA,NULL,G
cowenda01,"Rookie of the Year",1970,NBA,tie,NULL
cowenda01,"All-NBA Second Team",1972,NBA,NULL,C
cowenda01,"Most Valuable Player",1972,NBA,NULL,NULL
cowenda01,"All-Defensive Second Team",1974,NBA,NULL,NULL
cowenda01,"All-NBA Second Team",1974,NBA,NULL,C
cowenda01,"All-Defensive First Team",1975,NBA,NULL,NULL
cowenda01,"All-NBA Second Team",1975,NBA,NULL,C
cowenda01,"All-Defensive Second Team",1979,NBA,NULL,NULL
crawfja01,"Sixth Man of the Year",2009,NBA,NULL,NULL
cummite01,"Rookie of the Year",1982,NBA,NULL,NULL
cummite01,"All-NBA Second Team",1984,NBA,NULL,F
cummite01,"All-NBA Third Team",1988,NBA,NULL,F
cunnibi01,"All-NBA First Team",1968,NBA,NULL,F
cunnibi01,"All-NBA First Team",1969,NBA,NULL,F
cunnibi01,"All-NBA First Team",1970,NBA,NULL,F
cunnibi01,"All-NBA Second Team",1971,NBA,NULL,F
cunnibi01,"All-ABA First Team",1972,ABA,NULL,F
cunnibi01,"Most Valuable Player",1972,ABA,NULL,NULL
curryde01,"Sixth Man of the Year",1993,NBA,NULL,NULL
curryst01,"All-Rookie First Team",2009,NBA,NULL,NULL
curryst01,"Sportsmanship Award",2010,NBA,NULL,NULL
dalemsa01,"J. Walter Kennedy Citizenship Award",2009,NBA,NULL,NULL
dallmho01,"All-NBA First Team",1947,NBA,NULL,NULL
dampilo01,"All-ABA Second Team",1967,ABA,NULL,G
dampilo01,"All-ABA Second Team",1968,ABA,NULL,G
dampilo01,"All-ABA Second Team",1969,ABA,NULL,G
dampilo01,"All-ABA Second Team",1973,ABA,NULL,G
dandrbo01,"All-Defensive First Team",1978,NBA,NULL,NULL
dandrbo01,"All-NBA Second Team",1978,NBA,NULL,F
danieme01,"All-ABA First Team",1967,ABA,NULL,C
danieme01,"Rookie of the Year",1967,ABA,NULL,NULL
danieme01,"All-ABA First Team",1968,ABA,NULL,C
danieme01,"Most Valuable Player",1968,ABA,NULL,NULL
danieme01,"All-ABA First Team",1969,ABA,NULL,C
danieme01,"All-ABA First Team",1970,ABA,NULL,C
danieme01,"Most Valuable Player",1970,ABA,NULL,NULL
danieme01,"All-ABA Second Team",1972,ABA,NULL,C
dantlad01,"Rookie of the Year",1976,NBA,NULL,NULL
dantlad01,"All-NBA Second Team",1980,NBA,NULL,F
dantlad01,"All-NBA Second Team",1983,NBA,NULL,F
dantlad01,Comeback,1983,NBA,NULL,NULL
daughbr01,"All-NBA Third Team",1991,NBA,NULL,C
daviebo01,"Most Valuable Player",1946,NBL,NULL,NULL
daviebo01,"All-NBA First Team",1948,NBA,NULL,NULL
daviebo01,"All-NBA First Team",1949,NBA,NULL,NULL
daviebo01,"All-NBA First Team",1950,NBA,NULL,NULL
daviebo01,"All-NBA First Team",1951,NBA,NULL,NULL
daviebo01,"All-NBA Second Team",1952,NBA,NULL,NULL
davisba01,"All-NBA Third Team",2003,NBA,NULL,G
daviswa03,"All-NBA Second Team",1977,NBA,NULL,F
daviswa03,"Rookie of the Year",1977,NBA,NULL,NULL
daviswa03,"All-NBA Second Team",1978,NBA,NULL,F
debusda01,"All-Defensive First Team",1968,NBA,NULL,NULL
debusda01,"All-NBA Second Team",1968,NBA,NULL,F
debusda01,"All-Defensive First Team",1969,NBA,NULL,NULL
debusda01,"All-Defensive First Team",1970,NBA,NULL,NULL
debusda01,"All-Defensive First Team",1971,NBA,NULL,NULL
debusda01,"All-Defensive First Team",1972,NBA,NULL,NULL
debusda01,"All-Defensive First Team",1973,NBA,NULL,NULL
denglu01,"All-Defensive Second Team",2011,NBA,NULL,F
diawbo01,"Most Improved Player",2005,NBA,NULL,NULL
digreer01,"Rookie of the Year",1973,NBA,NULL,NULL
dischte01,"Rookie of the Year",1962,NBA,NULL,NULL
drexlcl01,"All-NBA Second Team",1987,NBA,NULL,G
drexlcl01,"All-NBA Third Team",1989,NBA,NULL,G
drexlcl01,"All-NBA Second Team",1990,NBA,NULL,G
drexlcl01,"All-NBA First Team",1991,NBA,NULL,G
drexlcl01,"All-NBA Third Team",1994,NBA,NULL,G
duckwke01,"Most Improved Player",1987,NBA,NULL,NULL
dumarjo01,"All-Defensive First Team",1988,NBA,NULL,NULL
dumarjo01,"Finals MVP",1988,NBA,NULL,NULL
dumarjo01,"All-Defensive First Team",1989,NBA,NULL,NULL
dumarjo01,"All-NBA Third Team",1989,NBA,NULL,G
dumarjo01,"All-Defensive Second Team",1990,NBA,NULL,NULL
dumarjo01,"All-NBA Third Team",1990,NBA,NULL,G
dumarjo01,"All-Defensive First Team",1991,NBA,NULL,NULL
dumarjo01,"All-Defensive First Team",1992,NBA,NULL,NULL
dumarjo01,"All-NBA Second Team",1992,NBA,NULL,G
duncati01,"All-Defensive Second Team",1997,NBA,NULL,NULL
duncati01,"All-NBA First Team",1997,NBA,NULL,F
duncati01,"Rookie of the Year",1997,NBA,NULL,NULL
duncati01,"All-Defensive First Team",1998,NBA,NULL,NULL
duncati01,"All-NBA First Team",1998,NBA,NULL,F
duncati01,"Finals MVP",1998,NBA,NULL,NULL
duncati01,"All-Defensive First Team",1999,NBA,NULL,NULL
duncati01,"All-NBA First Team",1999,NBA,NULL,F
duncati01,"All-Defensive First Team",2000,NBA,NULL,NULL
duncati01,"All-NBA First Team",2000,NBA,NULL,F
duncati01,"All-Defensive First Team",2001,NBA,NULL,NULL
duncati01,"All-NBA First Team",2001,NBA,NULL,F
duncati01,"Most Valuable Player",2001,NBA,NULL,NULL
duncati01,"All-Defensive First Team",2002,NBA,NULL,NULL
duncati01,"All-NBA First Team",2002,NBA,NULL,F
duncati01,"Finals MVP",2002,NBA,NULL,NULL
duncati01,"Most Valuable Player",2002,NBA,NULL,NULL
duncati01,"All-Defensive Second Team",2003,NBA,NULL,NULL
duncati01,"All-NBA First Team",2003,NBA,NULL,F
duncati01,"All-Defensive First Team",2004,NBA,NULL,NULL
duncati01,"All-NBA First Team",2004,NBA,NULL,F
duncati01,"Finals MVP",2004,NBA,NULL,NULL
duncati01,"All-Defensive Second Team",2005,NBA,NULL,NULL
duncati01,"All-NBA Second Team",2005,NBA,NULL,F
duncati01,"All-Defensive First Team",2006,NBA,NULL,NULL
duncati01,"All-NBA First Team",2006,NBA,NULL,F
duncati01,"All-Defensive First Team",2007,NBA,NULL,F
duncati01,"All-NBA Second Team",2007,NBA,NULL,F
duncati01,"All-Defensive Second Team",2008,NBA,NULL,NULL
duncati01,"All-NBA Second Team",2008,NBA,NULL,F
duncati01,"All-Defensive Second Team",2009,NBA,NULL,NULL
duncati01,"All-NBA Third Team",2009,NBA,NULL,F
dunntr01,"All-Defensive Second Team",1982,NBA,NULL,NULL
dunntr01,"All-Defensive Second Team",1983,NBA,NULL,NULL
dunntr01,"All-Defensive Second Team",1984,NBA,NULL,NULL
duranke01,"All-Rookie First Team",2007,NBA,NULL,NULL
duranke01,"Rookie of the Year",2007,NBA,NULL,NULL
duranke01,"All-NBA First Team",2009,NBA,NULL,F
duranke01,"All-NBA First Team",2010,NBA,NULL,F
duranke01,"All-NBA First Team",2011,NBA,NULL,F
eatonma01,"All-Defensive First Team",1984,NBA,NULL,NULL
eatonma01,"Defensive Player of the Year",1984,NBA,NULL,NULL
eatonma01,"All-Defensive First Team",1985,NBA,NULL,NULL
eatonma01,"All-Defensive Second Team",1986,NBA,NULL,NULL
eatonma01,"All-Defensive Second Team",1987,NBA,tie,NULL
eatonma01,"All-Defensive First Team",1988,NBA,NULL,NULL
eatonma01,"Defensive Player of the Year",1988,NBA,NULL,NULL
edwarco02,"Most Valuable Player",1937,NBL,NULL,NULL
edwarco02,"Most Valuable Player",1938,NBL,NULL,NULL
edwarco02,"Most Valuable Player",1939,NBL,NULL,NULL
ellisda01,"Most Improved Player",1986,NBA,NULL,NULL
ellisda01,"All-NBA Third Team",1988,NBA,NULL,G
ellismo01,"Most Improved Player",2006,NBA,NULL,NULL
ellispe01,"Most Improved Player",1991,NBA,NULL,NULL
englial01,"All-NBA Second Team",1981,NBA,NULL,F
englial01,"All-NBA Second Team",1982,NBA,NULL,F
englial01,"All-NBA Second Team",1985,NBA,NULL,F
ervinju01,"All-ABA Second Team",1971,ABA,NULL,F
ervinju01,"All-ABA First Team",1972,ABA,NULL,F
ervinju01,"All-ABA First Team",1973,ABA,NULL,F
ervinju01,"Finals MVP",1973,ABA,NULL,NULL
ervinju01,"Most Valuable Player",1973,ABA,NULL,NULL
ervinju01,"All-ABA First Team",1974,ABA,NULL,F
ervinju01,"Most Valuable Player",1974,ABA,tie,NULL
ervinju01,"All-ABA First Team",1975,ABA,NULL,F
ervinju01,"All-Defensive Team",1975,ABA,NULL,NULL
ervinju01,"Finals MVP",1975,ABA,NULL,NULL
ervinju01,"Most Valuable Player",1975,ABA,NULL,NULL
ervinju01,"All-NBA Second Team",1976,NBA,NULL,F
ervinju01,"All-NBA First Team",1977,NBA,NULL,F
ervinju01,"All-NBA First Team",1979,NBA,NULL,F
ervinju01,"All-NBA First Team",1980,NBA,NULL,F
ervinju01,"Most Valuable Player",1980,NBA,NULL,NULL
ervinju01,"All-NBA First Team",1981,NBA,NULL,F
ervinju01,"All-NBA First Team",1982,NBA,NULL,F
ervinju01,"All-NBA Second Team",1983,NBA,NULL,F
evansty01,"All-Rookie First Team",2009,NBA,NULL,NULL
evansty01,"Rookie of the Year",2009,NBA,NULL,NULL
ewingpa01,"Rookie of the Year",1985,NBA,NULL,NULL
ewingpa01,"All-Defensive Second Team",1987,NBA,tie,NULL
ewingpa01,"All-NBA Second Team",1987,NBA,NULL,C
ewingpa01,"All-Defensive Second Team",1988,NBA,NULL,NULL
ewingpa01,"All-NBA Second Team",1988,NBA,NULL,C
ewingpa01,"All-NBA First Team",1989,NBA,NULL,C
ewingpa01,"All-NBA Second Team",1990,NBA,NULL,C
ewingpa01,"All-Defensive Second Team",1991,NBA,NULL,NULL
ewingpa01,"All-NBA Second Team",1991,NBA,NULL,C
ewingpa01,"All-NBA Second Team",1992,NBA,NULL,C
ewingpa01,"All-NBA Second Team",1996,NBA,NULL,C
farieke01,"All-Rookie First Team",2011,NBA,NULL,F
favorde01,"All-Rookie Second Team",2010,NBA,NULL,F
feeribo01,"All-NBA First Team",1946,NBA,NULL,NULL
feeribo01,"All-NBA First Team",1947,NBA,NULL,NULL
feeribo01,"All-NBA Second Team",1948,NBA,NULL,NULL
felixra01,"Rookie of the Year",1953,NBA,NULL,NULL
fernaru01,"All-Rookie Second Team",2008,NBA,tie,NULL
fieldla01,"All-Rookie First Team",2010,NBA,NULL,F/G
flynnjo01,"All-Rookie Second Team",2009,NBA,NULL,NULL
fordph01,"All-NBA Second Team",1978,NBA,NULL,G
fordph01,"Rookie of the Year",1978,NBA,NULL,NULL
foustla01,"All-NBA Second Team",1951,NBA,NULL,NULL
foustla01,"All-NBA First Team",1954,NBA,NULL,NULL
francst01,"Rookie of the Year",1999,NBA,tie,NULL
fraziwa01,"All-Defensive First Team",1968,NBA,NULL,NULL
fraziwa01,"All-Defensive First Team",1969,NBA,NULL,NULL
fraziwa01,"All-NBA First Team",1969,NBA,NULL,G
fraziwa01,"All-Defensive First Team",1970,NBA,NULL,NULL
fraziwa01,"All-NBA Second Team",1970,NBA,NULL,G
fraziwa01,"All-Defensive First Team",1971,NBA,tie,NULL
fraziwa01,"All-NBA First Team",1971,NBA,NULL,G
fraziwa01,"All-Defensive First Team",1972,NBA,NULL,NULL
fraziwa01,"All-NBA Second Team",1972,NBA,NULL,G
fraziwa01,"All-Defensive First Team",1973,NBA,tie,NULL
fraziwa01,"All-NBA First Team",1973,NBA,NULL,G
fraziwa01,"All-Defensive First Team",1974,NBA,NULL,NULL
fraziwa01,"All-NBA First Team",1974,NBA,NULL,G
freemdo01,"All-ABA Second Team",1968,ABA,NULL,G
freemdo01,"All-ABA Second Team",1969,ABA,NULL,G
freemdo01,"All-ABA Second Team",1970,ABA,NULL,G
freemdo01,"All-ABA First Team",1971,ABA,NULL,G
freewo01,"All-NBA Second Team",1978,NBA,NULL,G
fulksjo01,"All-NBA First Team",1946,NBA,NULL,NULL
fulksjo01,"All-NBA First Team",1947,NBA,NULL,NULL
fulksjo01,"All-NBA First Team",1948,NBA,NULL,NULL
fulksjo01,"All-NBA Second Team",1950,NBA,NULL,NULL
galemi01,"All-Defensive Team",1972,ABA,NULL,NULL
galemi01,"All-Defensive Team",1973,ABA,NULL,NULL
gallaha01,"All-NBA First Team",1953,NBA,NULL,NULL
gallaha01,"All-NBA Second Team",1954,NBA,NULL,NULL
garmadi01,"All-NBA Second Team",1956,NBA,NULL,G
garneke01,"All-NBA Third Team",1998,NBA,NULL,F
garneke01,"All-Defensive First Team",1999,NBA,NULL,NULL
garneke01,"All-NBA First Team",1999,NBA,NULL,F
garneke01,"All-Defensive First Team",2000,NBA,NULL,NULL
garneke01,"All-NBA Second Team",2000,NBA,NULL,F
garneke01,"All-Defensive First Team",2001,NBA,NULL,NULL
garneke01,"All-NBA Second Team",2001,NBA,NULL,F
garneke01,"All-Defensive First Team",2002,NBA,NULL,NULL
garneke01,"All-NBA First Team",2002,NBA,NULL,F
garneke01,"All-Defensive First Team",2003,NBA,NULL,NULL
garneke01,"All-NBA First Team",2003,NBA,NULL,F
garneke01,"Most Valuable Player",2003,NBA,NULL,NULL
garneke01,"All-Defensive First Team",2004,NBA,NULL,NULL
garneke01,"All-NBA Second Team",2004,NBA,NULL,F
garneke01,"All-Defensive Second Team",2005,NBA,NULL,NULL
garneke01,"All-Defensive Second Team",2006,NBA,NULL,NULL
garneke01,"All-NBA Third Team",2006,NBA,NULL,F
garneke01,"All-Defensive First Team",2007,NBA,NULL,F
garneke01,"All-NBA First Team",2007,NBA,NULL,F
garneke01,"Defensive Player of the Year",2007,NBA,NULL,NULL
garneke01,"All-Defensive First Team",2008,NBA,NULL,NULL
garneke01,"All-Defensive First Team",2010,NBA,NULL,F
garneke01,"All-Defensive Second Team",2011,NBA,NULL,F
gasolma01,"All-Rookie Second Team",2008,NBA,NULL,NULL
gasolpa01,"Rookie of the Year",2001,NBA,NULL,NULL
gasolpa01,"All-NBA Third Team",2008,NBA,NULL,F
gasolpa01,"All-NBA Third Team",2009,NBA,NULL,F
gasolpa01,"All-NBA Second Team",2010,NBA,NULL,F
gasolpa01,"J. Walter Kennedy Citizenship Award",2011,NBA,NULL,NULL
georgja01,"All-NBA Second Team",1955,NBA,NULL,G
georgpa01,"All-Rookie Second Team",2010,NBA,NULL,F
gervige01,"All-ABA Second Team",1974,ABA,NULL,F
gervige01,"All-ABA Second Team",1975,ABA,NULL,G
gervige01,"All-NBA Second Team",1976,NBA,NULL,G
gervige01,"All-NBA First Team",1977,NBA,NULL,G
gervige01,"All-NBA First Team",1978,NBA,NULL,G
gervige01,"All-NBA First Team",1979,NBA,NULL,G
gervige01,"All-NBA First Team",1980,NBA,NULL,G
gervige01,"All-NBA First Team",1981,NBA,NULL,G
gervige01,"All-NBA Second Team",1982,NBA,NULL,G
gibsota01,"All-Rookie First Team",2009,NBA,NULL,NULL
gilmoar01,"All-ABA First Team",1971,ABA,NULL,C
gilmoar01,"Most Valuable Player",1971,ABA,NULL,NULL
gilmoar01,"Rookie of the Year",1971,ABA,NULL,NULL
gilmoar01,"All-ABA First Team",1972,ABA,NULL,C
gilmoar01,"All-Defensive Team",1972,ABA,NULL,NULL
gilmoar01,"All-ABA First Team",1973,ABA,NULL,C
gilmoar01,"All-Defensive Team",1973,ABA,NULL,NULL
gilmoar01,"All-ABA First Team",1974,ABA,NULL,C
gilmoar01,"All-Defensive Team",1974,ABA,NULL,NULL
gilmoar01,"Finals MVP",1974,ABA,NULL,NULL
gilmoar01,"All-ABA First Team",1975,ABA,NULL,C
gilmoar01,"All-Defensive Team",1975,ABA,NULL,NULL
gilmoar01,"All-Defensive Second Team",1977,NBA,tie,NULL
ginobem01,"All-NBA Third Team",2007,NBA,NULL,G
ginobem01,"Sixth Man of the Year",2007,NBA,NULL,NULL
ginobem01,"All-NBA Third Team",2010,NBA,NULL,G
glamage01,"Rookie of the Year",1941,NBL,NULL,NULL
golato01,"All-NBA Second Team",1957,NBA,NULL,G
goodrga01,"All-NBA First Team",1973,NBA,NULL,G
gordobe01,"Sixth Man of the Year",2004,NBA,NULL,NULL
gordoer01,"All-Rookie Second Team",2008,NBA,NULL,NULL
grangda01,"Most Improved Player",2008,NBA,NULL,NULL
grantho01,"All-Defensive Second Team",1992,NBA,NULL,NULL
grantho01,"All-Defensive Second Team",1993,NBA,NULL,NULL
grantho01,"All-Defensive Second Team",1994,NBA,NULL,NULL
grantho01,"All-Defensive Second Team",1995,NBA,NULL,NULL
greenac01,"All-Defensive Second Team",1988,NBA,NULL,NULL
greenje02,"All-Rookie First Team",2007,NBA,NULL,NULL
greerha01,"All-NBA Second Team",1962,NBA,NULL,G
greerha01,"All-NBA Second Team",1963,NBA,NULL,G
greerha01,"All-NBA Second Team",1964,NBA,NULL,G
greerha01,"All-NBA Second Team",1965,NBA,NULL,G
greerha01,"All-NBA Second Team",1966,NBA,NULL,G
greerha01,"All-NBA Second Team",1967,NBA,NULL,G
greerha01,"All-NBA Second Team",1968,NBA,NULL,G
griffbl01,"All-Rookie First Team",2010,NBA,NULL,F
griffbl01,"Rookie of the Year",2010,NBA,NULL,NULL
griffbl01,"All-NBA Second Team",2011,NBA,NULL,F
griffda01,"Rookie of the Year",1980,NBA,NULL,NULL
grossbo01,"All-Defensive Second Team",1977,NBA,NULL,NULL
grozaal01,"All-NBA First Team",1949,NBA,NULL,NULL
grozaal01,"All-NBA First Team",1950,NBA,NULL,NULL
gueriri01,"All-NBA Second Team",1958,NBA,NULL,G
gueriri01,"All-NBA Second Team",1959,NBA,NULL,G
gueriri01,"All-NBA Second Team",1961,NBA,NULL,G
hagancl01,"All-NBA Second Team",1957,NBA,NULL,F
hagancl01,"All-NBA Second Team",1958,NBA,NULL,F
halbech01,"All-NBA Second Team",1946,NBA,NULL,NULL
hanzlbi01,"All-Defensive Second Team",1985,NBA,NULL,NULL
hardaan01,"All-NBA First Team",1994,NBA,NULL,G
hardaan01,"All-NBA First Team",1995,NBA,NULL,G
hardaan01,"All-NBA Third Team",1996,NBA,NULL,G
hardati01,"All-NBA Second Team",1991,NBA,NULL,G
hardati01,"All-NBA Third Team",1992,NBA,NULL,G
hardati01,"All-NBA First Team",1996,NBA,NULL,G
hardati01,"All-NBA Second Team",1997,NBA,NULL,G
hardati01,"All-NBA Second Team",1998,NBA,NULL,G
hardeja01,"All-Rookie Second Team",2009,NBA,NULL,NULL
hardeja01,"Sixth Man of the Year",2011,NBA,NULL,NULL
harpede01,"All-Defensive Second Team",1986,NBA,NULL,NULL
harpede01,"All-Defensive Second Team",1989,NBA,NULL,NULL
havlijo01,"All-NBA Second Team",1963,NBA,NULL,G
havlijo01,"All-NBA Second Team",1965,NBA,NULL,F
havlijo01,"All-NBA Second Team",1967,NBA,NULL,F
havlijo01,"All-Defensive Second Team",1968,NBA,NULL,NULL
havlijo01,"All-NBA Second Team",1968,NBA,NULL,F
havlijo01,"All-Defensive Second Team",1969,NBA,NULL,NULL
havlijo01,"All-NBA Second Team",1969,NBA,NULL,F
havlijo01,"All-Defensive Second Team",1970,NBA,NULL,NULL
havlijo01,"All-NBA First Team",1970,NBA,NULL,F
havlijo01,"All-Defensive First Team",1971,NBA,NULL,NULL
havlijo01,"All-NBA First Team",1971,NBA,NULL,F
havlijo01,"All-Defensive First Team",1972,NBA,NULL,NULL
havlijo01,"All-NBA First Team",1972,NBA,NULL,F
havlijo01,"All-Defensive First Team",1973,NBA,NULL,NULL
havlijo01,"All-NBA First Team",1973,NBA,NULL,F
havlijo01,"Finals MVP",1973,NBA,NULL,NULL
havlijo01,"All-Defensive First Team",1974,NBA,NULL,NULL
havlijo01,"All-NBA Second Team",1974,NBA,NULL,F
havlijo01,"All-Defensive First Team",1975,NBA,NULL,NULL
havlijo01,"All-NBA Second Team",1975,NBA,NULL,F
hawkico01,"Most Valuable Player",1961,ABL1,NULL,NULL
hawkico01,"All-ABA First Team",1967,ABA,NULL,F
hawkico01,"Finals MVP",1967,ABA,NULL,NULL
hawkico01,"Most Valuable Player",1967,ABA,NULL,NULL
hawkico01,"All-ABA First Team",1968,ABA,NULL,F
hawkico01,"All-NBA First Team",1969,NBA,NULL,F
hayesel01,"All-NBA Second Team",1972,NBA,NULL,F
hayesel01,"All-Defensive Second Team",1973,NBA,NULL,NULL
hayesel01,"All-NBA Second Team",1973,NBA,NULL,F
hayesel01,"All-Defensive Second Team",1974,NBA,NULL,NULL
hayesel01,"All-NBA First Team",1974,NBA,NULL,F
hayesel01,"All-NBA Second Team",1975,NBA,NULL,F
hayesel01,"All-NBA First Team",1976,NBA,NULL,F
hayesel01,"All-NBA First Team",1978,NBA,NULL,F
haywosp01,"All-ABA First Team",1969,ABA,NULL,F
haywosp01,"Most Valuable Player",1969,ABA,NULL,NULL
haywosp01,"Rookie of the Year",1969,ABA,NULL,NULL
haywosp01,"All-NBA First Team",1971,NBA,NULL,F
haywosp01,"All-NBA First Team",1972,NBA,NULL,F
haywosp01,"All-NBA Second Team",1973,NBA,NULL,F
haywosp01,"All-NBA Second Team",1974,NBA,NULL,F
heinsto01,"Rookie of the Year",1956,NBA,NULL,NULL
heinsto01,"All-NBA Second Team",1960,NBA,NULL,F
heinsto01,"All-NBA Second Team",1961,NBA,NULL,F
heinsto01,"All-NBA Second Team",1962,NBA,NULL,F
heinsto01,"All-NBA Second Team",1963,NBA,NULL,F
hendeal01,"Most Improved Player",1997,NBA,NULL,NULL
hillgr01,"Rookie of the Year",1994,NBA,tie,NULL
hillgr01,"All-NBA Second Team",1995,NBA,NULL,F
hillgr01,"All-NBA First Team",1996,NBA,NULL,F
hillgr01,"All-NBA Second Team",1997,NBA,NULL,F
hillgr01,"All-NBA Second Team",1998,NBA,NULL,F
hillgr01,"All-NBA Second Team",1999,NBA,NULL,F
hillgr01,"Sportsmanship Award",2007,NBA,NULL,NULL
hillgr01,"Sportsmanship Award",2009,NBA,NULL,NULL
hinriki01,"All-Defensive Second Team",2006,NBA,NULL,NULL
hollili01,"All-Defensive First Team",1977,NBA,NULL,NULL
hollili01,"All-Defensive Second Team",1978,NBA,NULL,NULL
holzmre01,"Rookie of the Year",1944,NBL,NULL,NULL
horfoal01,"All-Rookie First Team",2007,NBA,NULL,NULL
horfoal01,"All-NBA Third Team",2010,NBA,NULL,C
howardw01,"All-NBA Third Team",2006,NBA,NULL,C
howardw01,"All-Defensive Second Team",2007,NBA,NULL,C
howardw01,"All-NBA First Team",2007,NBA,NULL,C
howardw01,"All-Defensive First Team",2008,NBA,NULL,NULL
howardw01,"All-NBA First Team",2008,NBA,NULL,C
howardw01,"Defensive Player of the Year",2008,NBA,NULL,NULL
howardw01,"All-Defensive First Team",2009,NBA,NULL,NULL
howardw01,"All-NBA First Team",2009,NBA,NULL,C
howardw01,"Defensive Player of the Year",2009,NBA,NULL,NULL
howardw01,"All-Defensive First Team",2010,NBA,NULL,C
howardw01,"All-NBA First Team",2010,NBA,NULL,C
howardw01,"Defensive Player of the Year",2010,NBA,NULL,NULL
howardw01,"All-Defensive First Team",2011,NBA,NULL,C
howardw01,"All-NBA First Team",2011,NBA,NULL,C
howarju01,"All-NBA Third Team",1995,NBA,NULL,F
howelba01,"All-NBA Second Team",1962,NBA,NULL,F
hudsolo01,"All-NBA Second Team",1969,NBA,NULL,G
hughela01,"All-Defensive First Team",2004,NBA,NULL,NULL
ibakase01,"All-Defensive First Team",2011,NBA,NULL,F
iguodan01,"All-Defensive Second Team",2010,NBA,NULL,F
irvinky01,"All-Rookie First Team",2011,NBA,NULL,G
irvinky01,"Rookie of the Year",2011,NBA,NULL,NULL
isselda01,"All-ABA Second Team",1970,ABA,tie,C
isselda01,"Rookie of the Year",1970,ABA,tie,NULL
isselda01,"All-ABA First Team",1971,ABA,NULL,F
isselda01,"All-ABA Second Team",1972,ABA,NULL,F
isselda01,"All-ABA Second Team",1973,ABA,NULL,F
isselda01,"All-ABA Second Team",1975,ABA,NULL,C
iversal01,"Rookie of the Year",1996,NBA,NULL,NULL
iversal01,"All-NBA First Team",1998,NBA,NULL,G
iversal01,"All-NBA Second Team",1999,NBA,NULL,G
iversal01,"All-NBA First Team",2000,NBA,NULL,G
iversal01,"Most Valuable Player",2000,NBA,NULL,NULL
iversal01,"All-NBA Second Team",2001,NBA,NULL,G
iversal01,"All-NBA Second Team",2002,NBA,NULL,G
iversal01,"All-NBA First Team",2004,NBA,NULL,G
iversal01,"All-NBA Third Team",2005,NBA,NULL,G
jabalwa01,"Finals MVP",1968,ABA,NULL,NULL
jabalwa01,"Rookie of the Year",1968,ABA,NULL,NULL
jabalwa01,"All-ABA First Team",1972,ABA,NULL,G
jacksbo01,"Sixth Man of the Year",2002,NBA,NULL,NULL
jacksma01,"Rookie of the Year",1987,NBA,NULL,NULL
jamesle01,"Rookie of the Year",2003,NBA,NULL,NULL
jamesle01,"All-NBA Second Team",2004,NBA,NULL,F
jamesle01,"All-NBA First Team",2005,NBA,NULL,F
jamesle01,"All-NBA Second Team",2006,NBA,NULL,F
jamesle01,"All-NBA First Team",2007,NBA,NULL,F
jamesle01,"All-Defensive First Team",2008,NBA,NULL,NULL
jamesle01,"All-NBA First Team",2008,NBA,NULL,F
jamesle01,"Most Valuable Player",2008,NBA,NULL,NULL
jamesle01,"All-Defensive First Team",2009,NBA,NULL,NULL
jamesle01,"All-NBA First Team",2009,NBA,NULL,F
jamesle01,"Most Valuable Player",2009,NBA,NULL,NULL
jamesle01,"All-Defensive First Team",2010,NBA,NULL,F
jamesle01,"All-NBA First Team",2010,NBA,NULL,F
jamesle01,"All-Defensive First Team",2011,NBA,NULL,F
jamesle01,"All-NBA First Team",2011,NBA,NULL,F
jamesle01,"Finals MVP ",2011,NBA,NULL,NULL
jamesle01,"Most Valuable Player",2011,NBA,NULL,NULL
jamisan01,"Sixth Man of the Year",2003,NBA,NULL,NULL
jeannbu01,"All-NBA Second Team",1947,NBA,NULL,NULL
jennibr01,"All-Rookie First Team",2009,NBA,NULL,NULL
jerebjo01,"All-Rookie Second Team",2009,NBA,NULL,NULL
johnsde01,"All-Defensive First Team",1978,NBA,NULL,NULL
johnsde01,"Finals MVP",1978,NBA,NULL,NULL
johnsde01,"All-Defensive First Team",1979,NBA,NULL,NULL
johnsde01,"All-NBA Second Team",1979,NBA,NULL,G
johnsde01,"All-Defensive First Team",1980,NBA,NULL,NULL
johnsde01,"All-NBA First Team",1980,NBA,NULL,G
johnsde01,"All-Defensive First Team",1981,NBA,NULL,NULL
johnsde01,"All-Defensive First Team",1982,NBA,tie,NULL
johnsde01,"All-Defensive Second Team",1983,NBA,NULL,NULL
johnsde01,"All-Defensive Second Team",1984,NBA,NULL,NULL
johnsde01,"All-Defensive Second Team",1985,NBA,NULL,NULL
johnsde01,"All-Defensive First Team",1986,NBA,NULL,NULL
johnsed02,"All-Defensive Second Team",1978,NBA,NULL,NULL
johnsed02,"All-Defensive Second Team",1979,NBA,NULL,NULL
johnsed03,"Sixth Man of the Year",1988,NBA,NULL,NULL
johnsge02,"All-Defensive Second Team",1980,NBA,NULL,NULL
johnsgu01,"All-NBA Second Team",1964,NBA,NULL,F
johnsgu01,"All-NBA Second Team",1965,NBA,NULL,F
johnsgu01,"All-Defensive First Team",1969,NBA,NULL,NULL
johnsgu01,"All-NBA Second Team",1969,NBA,NULL,F
johnsgu01,"All-Defensive First Team",1970,NBA,NULL,NULL
johnsgu01,"All-NBA Second Team",1970,NBA,NULL,F
johnsjo02,"All-NBA Third Team",2009,NBA,NULL,G
johnske02,"All-NBA Second Team",1988,NBA,NULL,G
johnske02,"Most Improved Player",1988,NBA,NULL,NULL
johnske02,"All-NBA Second Team",1989,NBA,NULL,G
johnske02,"All-NBA Second Team",1990,NBA,NULL,G
johnske02,"All-NBA Third Team",1991,NBA,NULL,G
johnske02,"All-NBA Second Team",1993,NBA,NULL,G
johnsla02,"Rookie of the Year",1991,NBA,NULL,NULL
johnsla02,"All-NBA Second Team",1992,NBA,NULL,F
johnsma01,"All-NBA First Team",1978,NBA,NULL,F
johnsma01,"All-NBA Second Team",1979,NBA,NULL,F
johnsma01,"All-NBA Second Team",1980,NBA,NULL,F
johnsma01,Comeback,1985,NBA,NULL,NULL
johnsma02,"Finals MVP",1979,NBA,NULL,NULL
johnsma02,"All-NBA Second Team",1981,NBA,NULL,G
johnsma02,"Finals MVP",1981,NBA,NULL,NULL
johnsma02,"All-NBA First Team",1982,NBA,NULL,G
johnsma02,"All-NBA First Team",1983,NBA,NULL,G
johnsma02,"All-NBA First Team",1984,NBA,NULL,G
johnsma02,"All-NBA First Team",1985,NBA,NULL,G
johnsma02,"All-NBA First Team",1986,NBA,NULL,G
johnsma02,"Finals MVP",1986,NBA,NULL,NULL
johnsma02,"Most Valuable Player",1986,NBA,NULL,NULL
johnsma02,"All-NBA First Team",1987,NBA,NULL,G
johnsma02,"All-NBA First Team",1988,NBA,NULL,G
johnsma02,"Most Valuable Player",1988,NBA,NULL,NULL
johnsma02,"All-NBA First Team",1989,NBA,NULL,G
johnsma02,"Most Valuable Player",1989,NBA,NULL,NULL
johnsma02,"All-NBA First Team",1990,NBA,NULL,G
johnsne01,"All-NBA First Team",1952,NBA,NULL,NULL
johnsne01,"All-NBA First Team",1953,NBA,NULL,NULL
johnsne01,"All-NBA First Team",1954,NBA,NULL,NULL
johnsne01,"All-NBA First Team",1955,NBA,NULL,C
johnsne01,"All-NBA Second Team",1956,NBA,NULL,C
johnswe01,"All-Rookie Second Team",2010,NBA,NULL,G
jonesbo01,"All-Defensive Team",1974,ABA,NULL,NULL
jonesbo01,"All-ABA Second Team",1975,ABA,NULL,F
jonesbo01,"All-Defensive Team",1975,ABA,NULL,NULL
jonesbo01,"All-Defensive First Team",1976,NBA,NULL,NULL
jonesbo01,"All-Defensive First Team",1977,NBA,NULL,NULL
jonesbo01,"All-Defensive First Team",1978,NBA,NULL,NULL
jonesbo01,"All-Defensive First Team",1979,NBA,NULL,NULL
jonesbo01,"All-Defensive First Team",1980,NBA,NULL,NULL
jonesbo01,"All-Defensive First Team",1981,NBA,NULL,NULL
jonesbo01,"All-Defensive First Team",1982,NBA,NULL,NULL
jonesbo01,"Sixth Man of the Year",1982,NBA,NULL,NULL
jonesbo01,"All-Defensive First Team",1983,NBA,NULL,NULL
jonesbo01,"All-Defensive Second Team",1984,NBA,NULL,NULL
jonesca01,"All-Defensive First Team",1980,NBA,NULL,NULL
jonesca01,"All-Defensive First Team",1981,NBA,NULL,NULL
jonesed02,"All-Defensive Second Team",1997,NBA,NULL,NULL
jonesed02,"All-Defensive Second Team",1998,NBA,NULL,NULL
jonesed02,"All-Defensive Second Team",1999,NBA,NULL,NULL
jonesed02,"All-NBA Third Team",1999,NBA,NULL,G
jonesji01,"All-ABA First Team",1968,ABA,NULL,G
jonesji01,"All-ABA First Team",1972,ABA,NULL,G
jonesji01,"All-ABA First Team",1973,ABA,NULL,G
jonesla01,"All-ABA First Team",1967,ABA,NULL,G
jonesla01,"All-ABA First Team",1968,ABA,NULL,G
jonesla01,"All-ABA First Team",1969,ABA,NULL,G
jonessa01,"All-NBA Second Team",1964,NBA,NULL,G
jonessa01,"All-NBA Second Team",1965,NBA,NULL,G
jonessa01,"All-NBA Second Team",1966,NBA,NULL,G
joneswi02,"All-Defensive Team",1974,ABA,NULL,NULL
jordami01,"All-NBA Second Team",1984,NBA,NULL,G
jordami01,"Rookie of the Year",1984,NBA,NULL,NULL
jordami01,"All-NBA First Team",1986,NBA,NULL,G
jordami01,"All-Defensive First Team",1987,NBA,NULL,NULL
jordami01,"All-NBA First Team",1987,NBA,NULL,G
jordami01,"Defensive Player of the Year",1987,NBA,NULL,NULL
jordami01,"Most Valuable Player",1987,NBA,NULL,NULL
jordami01,"All-Defensive First Team",1988,NBA,NULL,NULL
jordami01,"All-NBA First Team",1988,NBA,NULL,G
jordami01,"All-Defensive First Team",1989,NBA,NULL,NULL
jordami01,"All-NBA First Team",1989,NBA,NULL,G
jordami01,"All-Defensive First Team",1990,NBA,NULL,NULL
jordami01,"All-NBA First Team",1990,NBA,NULL,G
jordami01,"Finals MVP",1990,NBA,NULL,NULL
jordami01,"Most Valuable Player",1990,NBA,NULL,NULL
jordami01,"All-Defensive First Team",1991,NBA,NULL,NULL
jordami01,"All-NBA First Team",1991,NBA,NULL,G
jordami01,"Finals MVP",1991,NBA,NULL,NULL
jordami01,"Most Valuable Player",1991,NBA,NULL,NULL
jordami01,"All-Defensive First Team",1992,NBA,NULL,NULL
jordami01,"All-NBA First Team",1992,NBA,NULL,G
jordami01,"Finals MVP",1992,NBA,NULL,NULL
jordami01,"All-Defensive First Team",1995,NBA,NULL,NULL
jordami01,"All-NBA First Team",1995,NBA,NULL,G
jordami01,"Finals MVP",1995,NBA,NULL,NULL
jordami01,"Most Valuable Player",1995,NBA,NULL,NULL
jordami01,"All-Defensive First Team",1996,NBA,NULL,NULL
jordami01,"All-NBA First Team",1996,NBA,NULL,G
jordami01,"Finals MVP",1996,NBA,NULL,NULL
jordami01,"All-Defensive First Team",1997,NBA,NULL,NULL
jordami01,"All-NBA First Team",1997,NBA,NULL,G
jordami01,"Finals MVP",1997,NBA,NULL,NULL
jordami01,"Most Valuable Player",1997,NBA,NULL,NULL
kempsh01,"All-NBA Second Team",1993,NBA,NULL,F
kempsh01,"All-NBA Second Team",1994,NBA,NULL,F
kempsh01,"All-NBA Second Team",1995,NBA,NULL,F
kesslbo01,"Rookie of the Year",1937,NBL,NULL,NULL
keyeju01,"All-Defensive Team",1972,ABA,NULL,NULL
keyeju01,"All-Defensive Team",1973,ABA,NULL,NULL
kiddja01,"Rookie of the Year",1994,NBA,tie,NULL
kiddja01,"All-Defensive First Team",1998,NBA,NULL,NULL
kiddja01,"All-NBA First Team",1998,NBA,NULL,G
kiddja01,"All-Defensive Second Team",1999,NBA,NULL,NULL
kiddja01,"All-NBA First Team",1999,NBA,NULL,G
kiddja01,"All-Defensive First Team",2000,NBA,NULL,NULL
kiddja01,"All-NBA First Team",2000,NBA,NULL,G
kiddja01,"All-Defensive First Team",2001,NBA,NULL,NULL
kiddja01,"All-NBA First Team",2001,NBA,NULL,G
kiddja01,"All-Defensive Second Team",2002,NBA,NULL,NULL
kiddja01,"All-NBA Second Team",2002,NBA,NULL,G
kiddja01,"All-Defensive Second Team",2003,NBA,NULL,NULL
kiddja01,"All-NBA First Team",2003,NBA,NULL,G
kiddja01,"All-Defensive Second Team",2004,NBA,tie,NULL
kiddja01,"All-Defensive First Team",2005,NBA,tie,NULL
kiddja01,"All-Defensive Second Team",2006,NBA,NULL,NULL
kiddja01,"Sportsmanship Award",2011,NBA,NULL,NULL
kingbe01,Comeback,1980,NBA,NULL,NULL
kingbe01,"All-NBA Second Team",1981,NBA,NULL,F
kingbe01,"All-NBA First Team",1983,NBA,NULL,F
kingbe01,"All-NBA First Team",1984,NBA,NULL,F
kingbe01,"All-NBA Third Team",1990,NBA,NULL,F
kirilan01,"All-Defensive Second Team",2003,NBA,NULL,NULL
kirilan01,"All-Defensive Second Team",2004,NBA,NULL,NULL
kirilan01,"All-Defensive First Team",2005,NBA,NULL,NULL
knighbi01,"All-ABA First Team",1975,ABA,NULL,F
knighbr03,"All-Rookie First Team",2011,NBA,tie,G
kukocto01,"Sixth Man of the Year",1995,NBA,NULL,NULL
landrca01,"All-Rookie Second Team",2007,NBA,NULL,NULL
larusru01,"All-Defensive Second Team",1968,NBA,NULL,NULL
leonaka01,"All-Rookie First Team",2011,NBA,tie,F
leverfa01,"All-NBA Second Team",1986,NBA,NULL,G
leverfa01,"All-Defensive Second Team",1987,NBA,NULL,NULL
lewisfr01,"Rookie of the Year",1946,NBL,NULL,NULL
lewisfr02,"Finals MVP",1971,ABA,NULL,NULL
loganjo01,"All-NBA Second Team",1946,NBA,NULL,NULL
loganjo01,"All-NBA Second Team",1947,NBA,NULL,NULL
loganjo01,"All-NBA Second Team",1948,NBA,NULL,NULL
lopezbr01,"All-Rookie First Team",2008,NBA,NULL,NULL
lovebo01,"All-NBA Second Team",1970,NBA,NULL,F
lovebo01,"All-Defensive Second Team",1971,NBA,NULL,NULL
lovebo01,"All-NBA Second Team",1971,NBA,NULL,F
lovebo01,"All-Defensive Second Team",1973,NBA,NULL,NULL
lovebo01,"All-Defensive Second Team",1974,NBA,NULL,NULL
loveke01,"All-Rookie Second Team",2008,NBA,NULL,NULL
loveke01,"Most Improved Player",2010,NBA,NULL,NULL
loveke01,"All-NBA Second Team",2011,NBA,NULL,F
lovelcl01,"All-NBA Second Team",1955,NBA,NULL,C
lucasje01,"All-NBA Second Team",1963,NBA,NULL,F
lucasje01,"Rookie of the Year",1963,NBA,NULL,NULL
lucasje01,"All-NBA First Team",1964,NBA,NULL,F
lucasje01,"All-NBA First Team",1965,NBA,NULL,F
lucasje01,"All-NBA Second Team",1966,NBA,NULL,F
lucasje01,"All-NBA First Team",1967,NBA,NULL,F
lucasma01,"All-Defensive First Team",1977,NBA,NULL,NULL
lucasma01,"All-NBA Second Team",1977,NBA,NULL,F
lucasma01,"All-Defensive Second Team",1978,NBA,NULL,NULL
macaued01,"All-NBA First Team",1950,NBA,NULL,NULL
macaued01,"All-NBA First Team",1951,NBA,NULL,NULL
macaued01,"All-NBA First Team",1952,NBA,NULL,NULL
macaued01,"All-NBA Second Team",1953,NBA,NULL,NULL
macledo01,"Most Improved Player",1993,NBA,NULL,NULL
mahorri01,"All-Defensive Second Team",1989,NBA,NULL,NULL
majerda01,"All-Defensive Second Team",1990,NBA,NULL,NULL
majerda01,"All-Defensive Second Team",1992,NBA,NULL,NULL
malonka01,"All-Defensive Second Team",1987,NBA,NULL,NULL
malonka01,"All-NBA Second Team",1987,NBA,NULL,F
malonka01,"All-NBA First Team",1988,NBA,NULL,F
malonka01,"All-NBA First Team",1989,NBA,NULL,F
malonka01,"All-NBA First Team",1990,NBA,NULL,F
malonka01,"All-NBA First Team",1991,NBA,NULL,F
malonka01,"All-NBA First Team",1992,NBA,NULL,F
malonka01,"All-NBA First Team",1993,NBA,NULL,F
malonka01,"All-NBA First Team",1994,NBA,NULL,F
malonka01,"All-NBA First Team",1995,NBA,NULL,F
malonka01,"All-Defensive First Team",1996,NBA,NULL,NULL
malonka01,"All-NBA First Team",1996,NBA,NULL,F
malonka01,"Most Valuable Player",1996,NBA,NULL,NULL
malonka01,"All-Defensive First Team",1997,NBA,NULL,NULL
malonka01,"All-NBA First Team",1997,NBA,NULL,F
malonka01,"All-Defensive First Team",1998,NBA,NULL,NULL
malonka01,"All-NBA First Team",1998,NBA,NULL,F
malonka01,"Most Valuable Player",1998,NBA,NULL,NULL
malonka01,"All-NBA Second Team",1999,NBA,NULL,F
malonka01,"All-NBA Third Team",2000,NBA,NULL,F
malonmo01,"All-Defensive Second Team",1978,NBA,NULL,NULL
malonmo01,"All-NBA First Team",1978,NBA,NULL,C
malonmo01,"Most Valuable Player",1978,NBA,NULL,NULL
malonmo01,"All-NBA Second Team",1979,NBA,NULL,C
malonmo01,"All-NBA Second Team",1980,NBA,NULL,C
malonmo01,"All-NBA First Team",1981,NBA,NULL,C
malonmo01,"Most Valuable Player",1981,NBA,NULL,NULL
malonmo01,"All-Defensive First Team",1982,NBA,NULL,NULL
malonmo01,"All-NBA First Team",1982,NBA,NULL,C
malonmo01,"Finals MVP",1982,NBA,NULL,NULL
malonmo01,"Most Valuable Player",1982,NBA,NULL,NULL
malonmo01,"All-NBA Second Team",1983,NBA,NULL,C
malonmo01,"All-NBA First Team",1984,NBA,NULL,C
malonmo01,"All-NBA Second Team",1986,NBA,NULL,C
mannida01,"Sixth Man of the Year",1997,NBA,NULL,NULL
maravpe01,"All-NBA Second Team",1972,NBA,NULL,G
maravpe01,"All-NBA First Team",1975,NBA,NULL,G
maravpe01,"All-NBA First Team",1976,NBA,NULL,G
